{
  "correct_answers": 320,
  "norm_similarities": [
    5,
    4,
    5,
    1,
    4,
    6,
    2,
    6,
    1,
    1,
    3,
    4,
    4,
    2,
    5,
    2,
    2,
    4,
    5,
    1,
    1,
    1,
    1,
    2,
    1,
    2,
    5,
    2,
    2,
    2,
    3,
    2,
    2,
    2,
    2,
    5,
    1,
    1,
    2,
    6,
    5,
    1,
    1,
    2,
    2,
    4,
    3,
    5,
    4,
    7,
    3,
    2,
    3,
    5,
    4,
    5,
    5,
    5,
    1,
    3,
    1,
    3,
    3,
    2,
    5,
    7,
    2,
    5,
    3,
    4,
    1,
    4,
    2,
    3,
    4,
    2,
    6,
    5,
    5,
    5,
    3,
    2,
    1,
    1,
    1,
    2,
    4,
    4,
    2,
    2,
    1,
    3,
    2,
    2,
    2,
    1,
    4,
    3,
    3,
    5,
    5,
    3,
    5,
    3,
    4,
    3,
    4,
    4,
    5,
    5,
    6,
    5,
    4,
    5,
    2,
    5,
    2,
    3,
    3,
    1,
    6,
    3,
    3,
    5,
    3,
    5,
    5,
    2,
    3,
    2,
    2,
    5,
    4,
    3,
    4,
    2,
    1,
    2,
    3,
    6,
    2,
    1,
    2,
    3,
    5,
    4,
    3,
    3,
    5,
    1,
    3,
    3,
    5,
    5,
    2,
    6,
    3,
    5,
    2,
    6,
    1,
    5,
    4,
    5,
    4,
    2,
    4,
    5,
    2,
    1,
    2,
    2,
    5,
    5,
    6,
    6,
    5,
    2,
    6,
    3,
    6,
    1,
    5,
    2,
    4,
    2,
    5,
    3,
    5,
    2,
    5,
    2,
    6,
    1,
    6,
    3,
    3,
    2,
    3,
    2,
    5,
    5,
    3,
    2,
    3,
    2,
    3,
    5,
    3,
    2,
    1,
    5,
    5,
    2,
    7,
    2,
    2,
    5,
    5,
    2,
    4,
    3,
    4,
    3,
    3,
    5,
    6,
    4,
    3,
    6,
    3,
    5,
    2,
    2,
    6,
    6,
    5,
    6,
    6,
    1,
    1,
    4,
    6,
    6,
    7,
    2,
    6,
    4,
    6,
    3,
    3,
    1,
    1,
    4,
    3,
    5,
    5,
    4,
    2,
    1,
    2,
    2,
    2,
    5,
    5,
    3,
    5,
    1,
    5,
    3,
    5,
    3,
    6,
    7,
    6,
    3,
    5,
    3,
    4,
    2,
    3,
    1,
    2,
    3,
    6,
    4,
    3,
    2,
    2,
    6,
    3,
    2,
    6,
    6,
    5,
    6,
    2,
    4,
    3,
    5,
    1,
    5,
    5,
    3,
    2,
    2
  ],
  "total_samples": 500,
  "valid_answers": 359,
  "valid_norms": 306,
  "accuracy": 0.8913649025069638,
  "avg_norm_similarity": 3.447712418300654,
  "valid_answer_rate": 0.718,
  "valid_norm_rate": 0.612
}